"Reference","Value","Footprint","Datasheet","Qty","DNP","Exclude from BOM","Exclude from Board"
"C1,C3","470uF","Capacitor_THT:C_Radial_D4.0mm_H5.0mm_P1.50mm","","2","","",""
"C2","0.1uF","Capacitor_THT:C_Radial_D4.0mm_H5.0mm_P1.50mm","","1","","",""
"C4","0.1uf","Capacitor_THT:C_Radial_D4.0mm_H5.0mm_P1.50mm","","1","","",""
"C13,C15,C16,C21,C23,C24","100nF","Capacitor_THT:C_Radial_D4.0mm_H5.0mm_P1.50mm","~","6","","",""
"C14,C22","10uF","Capacitor_THT:C_Radial_D4.0mm_H5.0mm_P1.50mm","~","2","","",""
"C17,C25","100uF","Capacitor_THT:C_Radial_D4.0mm_H5.0mm_P1.50mm","~","2","","",""
"C18,C19,C26,C27","10nF","Capacitor_THT:C_Radial_D4.0mm_H5.0mm_P1.50mm","~","4","","",""
"C20,C28","1nF","Capacitor_THT:C_Radial_D4.0mm_H5.0mm_P1.50mm","~","2","","",""
"D1,D3,D4","TSSA3U45","TSSA3U45 Kicad:DIOM4325X250N","","3","","",""
"F1","4628","4628 Kicad:FUSE_4628","","1","","",""
"J1","PJ-002B","PJ-002B Kikad:CUI_PJ-002B","","1","","",""
"J2,J4","6120XX21621_61200821621","6120XX21621_61200821621 Kicad:61200821621","","2","","",""
"J3","USB3131-30-0230-A_REVB","USB3131-30-0230-A_REVB:GCT_USB3131-30-0230-A_REVB","","1","","",""
"L1","47uH","Inductor_SMD:L_6.3x6.3_H3","~","1","","",""
"R1","2.5k","Resistor_THT:R_Axial_DIN0204_L3.6mm_D1.6mm_P1.90mm_Vertical","~","1","","",""
"R2","1.5k","Resistor_THT:R_Axial_DIN0204_L3.6mm_D1.6mm_P1.90mm_Vertical","~","1","","",""
"R6,R7,R9,R10","22k","Resistor_THT:R_Axial_DIN0204_L3.6mm_D1.6mm_P1.90mm_Vertical","~","4","","",""
"R8,R11","10k","Resistor_THT:R_Array_SIP4","~","2","","",""
"SW1","SW_Omron_B3FS","Button_Switch_SMD:SW_SPST_Omron_B3FS-100xP","https://omronfs.omron.com/en_US/ecb/products/pdf/en-b3fs.pdf","1","","",""
"U1","TS2596CM533_RNG","TS2596CM533_RNG kicad:CONV_TS2596CM533_RNG","","1","","",""
"U2","ESP32-S3","Package_DFN_QFN:QFN-56-1EP_7x7mm_P0.4mm_EP4x4mm","https://www.espressif.com/sites/default/files/documentation/esp32-s3_datasheet_en.pdf","1","","",""
"U4,U5","L9958SB","L9958SB Kicad:SOP80P1410X360-17N","","2","","",""
